
-- Projeto Final - BANCO: SISTEMA DE LOCACAO DE VEiCULOS
-- Guilherme Ferreira Pinheiro Guimaraes
-- 03_dml_insert

USE LOCADORA;

-- Crie 03_dml_insert.sql com dados de teste coerentes:


-- ≥ 8 CLIENTES
INSERT INTO CLIENTE (NOME, CPF, EMAIL, TELEFONE, ENDERECO, DATANASCIMENTO)
VALUES
('Alice', '111.111.111-11', 'ana@email.com', '61988880001', 'Rua A, 10', '1991-02-10'),
('Bianca Souza', '222.222.222-22', 'bruno@email.com', '61988880002', 'Rua B, 20', '1988-07-22'),
('Carlos Pereira', '333.333.333-33', 'carlos@email.com', '61988880003', 'Rua C, 30', '1985-11-05'),
('Daniela Castro', '444.444.444-44', 'dani@email.com', '61988880004', 'Rua D, 40', '1994-03-17'),
('Eduardo Alves', '555.555.555-55', 'edu@email.com', '61988880005', 'Rua E, 50', '1990-01-28'),
('Fernanda Dias', '666.666.666-66', 'fe@email.com', '61988880006', 'Rua F, 60', '1996-09-12'),
('Guilherme Rocha', '777.777.777-77', 'gui@email.com', '61988880007', 'Rua G, 70', '1993-12-30'),
('Helena Martins', '888.888.888-88', 'helena@email.com', '61988880008', 'Rua H, 80', '1998-05-09');



-- ≥ 3 FILIAIS
INSERT INTO FILIAL (NOME, CIDADE, UF, ENDERECO, TELEFONE, HORARIOABERTURA, HORARIOFECHAMENTO)
VALUES
('Filial Lago Sul', 'Brasília', 'DF', 'SQS 202', '6199999999', '08:00', '18:00'),
('Filial Taguatinga', 'Taguatinga', 'DF', 'QNQ', '6199999999', '08:00', '18:00'),
('Filial Águas Claras', 'Águas Claras', 'DF', 'Rua das palmeiras', '6199999999', '08:00', '18:00');



-- ≥ 5 CATEGORIAS
INSERT INTO CATEGORIA (NOME, TIPOCATEGORIA)
VALUES
('Economico', 'ECONOMICO'),
('Intermediario', 'MEDIO PADRAO'),
('SUV Compacto', 'MEDIO PADRAO'),
('SUV Premium', 'LUXO'),
('Executivo', 'LUXO');



-- ≥ 20 VEICULOS
INSERT INTO VEICULO
(PLACA, RENAVAM, MARCA, MODELO, ANO, COR, KMATUAL, STATUSVEICULO, IDCATEGORIA, IDFILIAL)
VALUES
('ABC1A11','10000000001','Fiat','Uno','2020','Branco',12000,'DISPONIVEL',1,1),
('ABC1A12','10000000002','VW','Gol','2019','Prata',25000,'DISPONIVEL',1,1),
('ABC1A13','10000000003','Chevrolet','Onix','2021','Preto',8000,'DISPONIVEL',1,1),
('ABC1A14','10000000004','Hyundai','HB20','2022','Azul',5000,'DISPONIVEL',2,1),
('ABC1A15','10000000005','Ford','Ka','2018','Vermelho',35000,'MANUTENCAO',1,1),
('ABC2B21','20000000001','Jeep','Renegade','2021','Cinza',15000,'DISPONIVEL',3,2),
('ABC2B22','20000000002','Honda','Civic','2022','Branco',9000,'DISPONIVEL',3,2),
('ABC2B23','20000000003','Toyota','Corolla','2020','Prata',22000,'EMUSO',2,2),
('ABC2B24','20000000004','Toyota','Yaris','2021','Preto',11000,'DISPONIVEL',2,2),
('ABC2B25','20000000005','Hyundai','Creta','2023','Preto',3000,'DISPONIVEL',3,2),
('ABC3C31','30000000001','BMW','X1','2021','Branco',14000,'DISPONIVEL',4,3),
('ABC3C32','30000000002','BMW','320i','2022','Preto',7000,'DISPONIVEL',5,3),
('ABC3C33','30000000003','Audi','A3','2020','Cinza',21000,'EMUSO',5,3),
('ABC3C34','30000000004','Audi','Q3','2022','Branco',6000,'DISPONIVEL',4,3),
('ABC3C35','30000000005','Mercedes','C180','2021','Prata',19000,'DISPONIVEL',5,3),
('ABC4D41','40000000001','Renault','Kwid','2020','Laranja',17000,'DISPONIVEL',1,3),
('ABC4D42','40000000002','Renault','Sandero','2019','Prata',29000,'DISPONIVEL',1,3),
('ABC4D43','40000000003','VW','Virtus','2022','Preto',4000,'DISPONIVEL',2,2),
('ABC4D44','40000000004','VW','Nivus','2021','Prata',15000,'DISPONIVEL',3,1),
('ABC4D45','40000000005','Ford','Ranger','2020','Vermelho',33000,'DISPONIVEL',4,1);




-- ≥ 12 RESERVAS
INSERT INTO RESERVA
(DATAINICIO, DATAFIM, STATUSRESERVA, IDCLIENTE, IDVEICULO, IDFILIAL)
VALUES
('2025-01-10 10:00', '2025-01-12 10:00', 'ATIVA', 1, 1, 1),
('2025-01-15 08:00', '2025-01-18 09:00', 'ATIVA', 2, 2, 1),
('2025-02-01 09:00', '2025-02-05 10:00', 'CANCELADA', 3, 3, 1),
('2025-02-10 11:00', '2025-02-12 12:00', 'ATIVA', 4, 6, 2),
('2025-02-11 14:00', '2025-02-14 10:00', 'CONVERTIDA', 5, 7, 2),
('2025-02-12 09:00', '2025-02-15 11:00', 'ATIVA', 6, 8, 2),
('2025-03-01 10:00', '2025-03-05 10:00', 'ATIVA', 7, 11, 3),
('2025-03-02 10:00', '2025-03-06 13:00', 'ATIVA', 8, 12, 3),
('2025-03-03 09:00', '2025-03-07 09:00', 'CONVERTIDA', 1, 13, 3),
('2025-03-10 09:00', '2025-03-15 09:00', 'ATIVA', 2, 14, 3),
('2025-03-12 07:00', '2025-03-14 08:00', 'ATIVA', 3, 16, 3),
('2025-03-18 10:00', '2025-03-22 10:00', 'ATIVA', 4, 17, 2);



-- ≥ 10 LOCACOES
INSERT INTO LOCACAO
(DATARETIRADA, KMDERETIRADA, DATADEVOLUCAO, HMDEDEVOLUCAO,
 VALORDIARIA, TAXAS, MULTAS, VALORFINAL,
 IDRESERVA, IDCLIENTE, IDVEICULO, IDFILIAL)
VALUES
('2025-01-10 10:00', 12000, '2025-01-12 10:00', 12200, 90, 20, 0, 200, 1, 1, 1, 1),
('2025-01-15 08:00', 25000, '2025-01-18 09:00', 25300, 100, 10, 0, 310, 2, 2, 2, 1),
('2025-02-11 14:00', 9000, '2025-02-14 09:00', 9200, 150, 30, 0, 480, 5, 5, 7, 2),
('2025-02-12 09:00', 11000, '2025-02-15 11:00', 11350, 130, 15, 0, 405, NULL, 6, 8, 2),
('2025-03-01 10:00', 14000, '2025-03-05 10:00', 14500, 200, 50, 0, 850, 7, 7, 11, 3),
('2025-03-02 10:00', 7000,  '2025-03-06 13:00', 7300, 250, 40, 20, 1050, 8, 8, 12, 3),
('2025-03-03 09:00', 21000, '2025-03-05 09:00', 21250, 180, 30, 0, 390, 9, 1, 13, 3),
('2025-03-10 09:00', 6000,  '2025-03-15 09:00', 6800, 175, 25, 0, 900, 10, 2, 14, 3),
('2025-03-12 07:00', 17000, '2025-03-14 08:00', 17200, 160, 15, 0, 335, 11, 3, 16, 3),
('2025-03-18 10:00', 3000,  '2025-03-22 10:00', 3500, 145, 10, 0, 580, 12, 4, 17, 2);
